epoch,train_loss,val_loss_avg,val_loss_temp,val_loss_spa,val_loss_temp_spa
0,-0.5298631773191508,-0.6862594598572428,-0.6958640164078318,-0.6648267188382783,-0.6980876443256184
