epoch,loss_avg,loss_value,reconstruction_loss_avg,reconstruction_loss_val,distillation_loss_avg,distillation_loss_val,batch_time_avg,batch_time_val,memory_used,eta,grad_norm_avg,grad_norm_val,epoch_time,learning_rate
0,-0.5363706559242681,-0.6780259609222412,0.3785196130682176,0.2853820025920868,-0.9148902689421403,-0.9634079933166504,0.10465692226764942,0.1041262149810791,6291.45947265625,0:00:07,inf,5.435025215148926,3.262977663144188e-07,8362.781155824661
1,-0.7164260651433805,-0.7061554789543152,0.2459568379332049,0.2588295340538025,-0.9623829029632408,-0.9649850130081177,0.10482802025182907,0.10456204414367676,6311.18798828125,0:00:07,inf,7.85598087310791,6.372352663144188e-07,8376.490569114685
2,-0.7377971564055854,-0.8254588842391968,0.22886623235902812,0.1394709348678589,-0.9666633888104555,-0.9649298191070557,0.10475545175030626,0.1034841537475586,6325.5673828125,0:00:07,inf,3.847463846206665,9.481727663144188e-07,8370.876568555832
3,-0.751289559096911,-0.7702280282974243,0.218936199893897,0.20030063390731812,-0.9702257591029387,-0.9705286622047424,0.10480797353094798,0.1045525074005127,6325.5673828125,0:00:07,inf,2.4284420013427734,1.2591102663144188e-06,8375.151583433151
4,-0.7598178833269317,-0.7677633762359619,0.21339498326053336,0.20275628566741943,-0.9732128665131469,-0.9705196619033813,0.1049251204778302,0.1049349308013916,6325.5673828125,0:00:07,inf,4.668936729431152,1.570047766314419e-06,8384.610737800598
5,-0.7677642760299979,-0.7927750945091248,0.20824900457992618,0.18755094707012177,-0.9760132806666897,-0.9803260564804077,0.10476893789554512,0.1041717529296875,6325.607421875,0:00:07,inf,2.5867626667022705,1.8809852663144188e-06,8372.042300462723
6,-0.7748444756214676,-0.8424724340438843,0.203607452117539,0.12825964391231537,-0.9784519276677694,-0.9707320928573608,0.1049451297214534,0.11258125305175781,6325.607421875,0:00:07,inf,2.070709705352783,2.191922766314419e-06,8386.222110509872
