epoch,loss_avg,loss_value,reconstruction_loss_avg,reconstruction_loss_val,distillation_loss_avg,distillation_loss_val,batch_time_avg,batch_time_val,memory_used,eta,epoch_time
0,-0.7167446165703898,-0.6901854872703552,0.2375813208530727,0.25736546516418457,-0.9543259374693052,-0.9475509524345398,0.026980315551558304,0.02622675895690918,6291.45947265625,1.6727795641966148,178.03750348091125
1,-0.7347677383601088,-0.716856062412262,0.2248151826204804,0.24038924276828766,-0.9595829206986567,-0.9572452902793884,0.027578108421822106,0.026222944259643555,6311.18798828125,1.7098427221529706,181.81645703315735
2,-0.7476740652754608,-0.7348127365112305,0.2160531172368127,0.22675040364265442,-0.9637271824148578,-0.9615631103515625,0.02715814889274988,0.02619624137878418,6325.5673828125,1.6838052313504925,179.09868955612183
3,-0.7562900144968413,-0.7448506951332092,0.21090729031961086,0.2223425656557083,-0.967197304504722,-0.9671932458877563,0.027135700175366463,0.02622675895690918,6325.5673828125,1.6824134108727207,178.94106030464172
4,-0.7619046235410933,-0.7516617178916931,0.20821880224053263,0.21808427572250366,-0.9701234262881875,-0.9697459936141968,0.027164506941570757,0.02616095542907715,6325.5673828125,1.6841994303773868,179.16045928001404
5,-0.7687339962784867,-0.7531180381774902,0.2042008793032219,0.21795779466629028,-0.9729348756023378,-0.9710758328437805,0.02725368605230684,0.027433156967163086,6325.607421875,1.689728535243024,179.75129079818726
6,-0.7750281275024672,-0.7642015814781189,0.20047580544063082,0.21063317358493805,-0.9755039329144464,-0.9748347401618958,0.027294077518957797,0.026205062866210938,6325.607421875,1.6922328061753833,180.0189287662506
