epoch,loss_avg,loss_value,reconstruction_loss_avg,reconstruction_loss_val,distillation_loss_avg,distillation_loss_val,batch_time_avg,batch_time_val,memory_used,eta,epoch_time
0,-0.6867074890539705,-0.6287068724632263,0.2730823520908452,0.3217504620552063,-0.9597898415438061,-0.9504573345184326,0.02636362958701396,0.02626514434814453,6291.45947265625,1.6609086639818795,359.05587434768677
1,-0.7093715122007245,-0.6499208807945251,0.2550994901949675,0.30317574739456177,-0.964471002471296,-0.9530966281890869,0.026316986535356784,0.02618265151977539,6311.18798828125,1.6579701517274774,358.5040376186371
2,-0.7256099154583464,-0.6683812141418457,0.24247673217726765,0.2912977933883667,-0.9680866474893727,-0.9596790075302124,0.026352173592830427,0.02624034881591797,6325.5673828125,1.6601869363483168,358.9730381965637
3,-0.7358713527536686,-0.6802849769592285,0.23549561724028104,0.28390616178512573,-0.9713669698350156,-0.9641911387443542,0.026316041125605597,0.026172161102294922,6325.5673828125,1.6579105909131526,358.5416214466095
4,-0.7424704666694317,-0.6885982751846313,0.23192024312962534,0.27929723262786865,-0.9743907096721306,-0.9678955078125,0.026310527671682297,0.026187419891357422,6325.5673828125,1.6575632433159846,358.47635889053345
5,-0.7507095380929936,-0.6890732049942017,0.22622532654341465,0.2799593508243561,-0.9769348648466646,-0.9690325856208801,0.026373407344678253,0.026224374771118164,6325.607421875,1.66152466271473,359.4567360877991
6,-0.7571320329124985,-0.7028537392616272,0.22175720555236114,0.2681751847267151,-0.978889238180103,-0.9710289239883423,0.026358219899298412,0.026192426681518555,6325.607421875,1.6605678536558,359.1687591075897
