epoch,loss_avg,loss_value,reconstruction_loss_avg,reconstruction_loss_val,distillation_loss_avg,distillation_loss_val,batch_time_avg,batch_time_val,memory_used,eta,epoch_time
0,-0.718872534386351,-0.7592465877532959,0.23576708468239618,0.1872256100177765,-0.9546396196696862,-0.9464722275733948,0.027312910276000454,0.02624988555908203,6291.45947265625,0.6281969363480104,39.23853802680969
1,-0.7362184285436844,-0.7746291160583496,0.22358404590264974,0.17927241325378418,-0.9598024738932575,-0.9539015293121338,0.027386995148097167,0.02731943130493164,6311.18798828125,0.6299008884062348,39.35987305641174
2,-0.74916293946953,-0.7883975505828857,0.21474567659832086,0.1708557903766632,-0.9639086165996554,-0.9592533707618713,0.027538568611063335,0.026250362396240234,6325.5673828125,0.6333870780544567,39.557607650756836
3,-0.7575824285812841,-0.7910110950469971,0.20977044556499974,0.17216576635837555,-0.9673528738484733,-0.9631768465042114,0.027484160334105834,0.026743412017822266,6325.5673828125,0.6321356876844342,39.487202405929565
4,-0.7631852637436627,-0.8044075965881348,0.20711725273254,0.16466252505779266,-0.9703025171196861,-0.9690701365470886,0.02755852684984881,0.02615523338317871,6325.5673828125,0.6338461175465226,39.589051961898804
5,-0.7700166384038715,-0.8119785785675049,0.20308496605745815,0.16222241520881653,-0.9731016035678981,-0.974200963973999,0.027625190284233447,0.026218414306640625,6325.607421875,0.6353793765373693,39.688918590545654
6,-0.7761212221475093,-0.81885826587677,0.19945638802841167,0.15848970413208008,-0.9755776105481841,-0.9773479700088501,0.027680978019436624,0.026160478591918945,6325.607421875,0.6366624944470424,39.768314361572266
