epoch,train_loss,val_loss_avg,val_loss_temp,val_loss_spa,val_loss_temp_spa
0,-0.5515624440360536,-0.7083781167058545,-0.717857451799577,-0.6874369540399866,-0.7198399442779997
1,-0.72228110851532,-0.7338647722897994,-0.7414552693031539,-0.7171926878363101,-0.7429463597299345
2,-0.7472553808025099,-0.7477307955240086,-0.7541868837410726,-0.7333600312396404,-0.7556454715913126
3,-0.7597519290663958,-0.7550312622957788,-0.7609424732113526,-0.7420889797929766,-0.7620623338830073
4,-0.7697665137897635,-0.7672784394154366,-0.7729133806866231,-0.7548111281354658,-0.774110809424221
5,-0.778670896103847,-0.7733245989191461,-0.7785913863591385,-0.7617589989465144,-0.7796234114517856
6,-0.7856723491917592,-0.7791224852300714,-0.7841031535805036,-0.7678838993838071,-0.7853804027259036
7,-0.7913808963143211,-0.7829591122972209,-0.787566137673108,-0.7724752222609088,-0.7888359769576463
8,-0.7962894847738479,-0.7876412698810579,-0.7919852743184139,-0.7778142530694362,-0.7931242822553236
