epoch,train_loss_track
0,-0.5515624440360536
1,-0.72228110851532
2,-0.7472553808025099
3,-0.7597519290663958
4,-0.7697665137897635
5,-0.778670896103847
6,-0.7856723491917592
7,-0.7913808963143211
8,-0.79628948477384799,-0.8008022125837064
10,-0.8049203964790692
11,-0.8083321132519968
12,-0.8113240289713186
13,-0.813944164365224
14,-0.8160511952507578
