epoch,loss_avg,loss_value,reconstruction_loss_avg,reconstruction_loss_val,distillation_loss_avg,distillation_loss_val,batch_time_avg,batch_time_val,memory_used,grad_norm_avg,grad_norm_val,learning_rate,epoch_time
0,-0.1378906110090134,-0.17689162492752075,0.09181228911092477,0.06364338845014572,-0.2297029000987943,-0.24053502082824707,0.405221983195605,0.39557361602783203,17806.20361328125,nan,8.47118091583252,5.208057044122803e-06,8091.100507259369
1,-0.18057027712883,-0.18519435822963715,0.06054517763389329,0.057376373559236526,-0.2411154547755968,-0.24257072806358337,0.40162938202472864,0.4031364917755127,17869.94677734375,nan,2.5588977336883545,1.0183057044122802e-05,8019.358470916748
2,-0.18681384520062747,-0.18719875812530518,0.05570454981524883,0.05629776418209076,-0.24251839500486855,-0.24349652230739594,0.4023042307622671,0.40048861503601074,17871.64892578125,nan,2.127086877822876,1.5158057044122802e-05,8032.833474159241
3,-0.18993798226659894,-0.18513616919517517,0.053662642541413265,0.05956921726465225,-0.24360062484346096,-0.24470537900924683,0.4023595206839133,0.394789457321167,17871.64892578125,nan,2.407386302947998,2.01330570441228e-05,8033.93683886528
4,-0.19244162844744087,-0.19053184986114502,0.05208149474227429,0.054739926010370255,-0.24452312320594694,-0.24527177214622498,0.40234692958704354,0.4030270576477051,17874.88427734375,nan,0.8499047756195068,2.5108057044122804e-05,8033.687867164612
5,-0.19466772402596175,-0.1924198716878891,0.050588233816105464,0.05324234440922737,-0.2452559578536347,-0.24566221237182617,0.4021735704314722,0.396040678024292,17877.63427734375,nan,1.224016785621643,3.0083057044122802e-05,8030.228053331375
6,-0.1964180872979398,-0.19593247771263123,0.049411543227835544,0.04983964562416077,-0.24582963058435905,-0.245772123336792,0.4022702982114397,0.39178991317749023,17877.63427734375,nan,0.6762848496437073,3.5058057044122805e-05,8032.159401655197
