epoch,train_loss_track
0,-0.1378906110090134
1,-0.18057027712883
2,-0.18681384520062747
3,-0.18993798226659894
4,-0.19244162844744087
5,-0.19466772402596175
6,-0.1964180872979398
