epoch,loss_avg,loss_value,reconstruction_loss_avg,reconstruction_loss_val,distillation_loss_avg,distillation_loss_val,batch_time_avg,batch_time_val,memory_used,grad_norm_avg,grad_norm_val,learning_rate,epoch_time
0,-0.5515624440360536,-0.707566499710083,0.3672491564436991,0.2545735538005829,-0.9188116003951772,-0.9621400833129883,0.405221983195605,0.39557361602783203,17806.20361328125,nan,8.47118091583252,5.208057044122803e-06,8091.100507259369
1,-0.72228110851532,-0.7407774329185486,0.24218071053557316,0.2295054942369461,-0.9644618191023872,-0.9702829122543335,0.40162938202472864,0.4031364917755127,17869.94677734375,nan,2.5588977336883545,1.0183057044122802e-05,8019.358470916748
2,-0.7472553808025099,-0.7487950325012207,0.22281819926099533,0.22519105672836304,-0.9700735800194742,-0.9739860892295837,0.4023042307622671,0.40048861503601074,17871.64892578125,nan,2.127086877822876,1.5158057044122802e-05,8032.833474159241
3,-0.7597519290663958,-0.7405446767807007,0.21465057016565306,0.238276869058609,-0.9744024993738438,-0.9788215160369873,0.4023595206839133,0.394789457321167,17871.64892578125,nan,2.407386302947998,2.01330570441228e-05,8033.93683886528
4,-0.7697665137897635,-0.7621273994445801,0.20832597896909716,0.21895970404148102,-0.9780924928237877,-0.9810870885848999,0.40234692958704354,0.4030270576477051,17874.88427734375,nan,0.8499047756195068,2.5108057044122804e-05,8033.687867164612
5,-0.778670896103847,-0.7696794867515564,0.20235293526442186,0.21296937763690948,-0.9810238314145387,-0.9826488494873047,0.4021735704314722,0.396040678024292,17877.63427734375,nan,1.224016785621643,3.0083057044122802e-05,8030.228053331375
6,-0.7856723491917592,-0.7837299108505249,0.19764617291134218,0.19935858249664307,-0.9833185223374362,-0.983088493347168,0.4022702982114397,0.39178991317749023,17877.63427734375,nan,0.6762848496437073,3.5058057044122805e-05,8032.159401655197
7,-0.7913808963143211,-0.8266023993492126,0.1936998500507309,0.1598520129919052,-0.985080746347141,-0.986454427242279,0.40281272945880725,0.3958902359008789,17877.63427734375,nan,0.808614194393158,4.0033057044122804e-05,8042.990515947342
8,-0.7962894847738479,-0.8331657648086548,0.190215874906056,0.15335999429225922,-0.9865053595440791,-0.9865257740020752,0.4014073771444601,0.39566707611083984,17877.63427734375,nan,0.4255521595478058,4.50080570441228e-05,8014.927218675613
