epoch,loss_avg,loss_value,reconstruction_loss_avg,reconstruction_loss_val,distillation_loss_avg,distillation_loss_val,batch_time_avg,batch_time_val,memory_used,epoch_time
0,-0.7198399442779997,-0.7546643018722534,0.23587692386236678,0.201955646276474,-0.9557168680460885,-0.956619918346405,0.20105582743548275,0.14320063591003418,17806.20361328125,71.57624197006226
1,-0.7429463597299345,-0.7756260633468628,0.2200853189600792,0.18697506189346313,-0.9630316781871977,-0.9626011252403259,0.19697245855009957,0.1210181713104248,17869.94677734375,70.12257790565491
2,-0.7556454715913126,-0.7855945825576782,0.2121311873616569,0.18186967074871063,-0.9677766583925391,-0.96746426820755,0.19615928175744046,0.11889529228210449,17871.64892578125,69.83307123184204
3,-0.7620623338830073,-0.794884204864502,0.21016391692241174,0.17842687666416168,-0.9722262510306386,-0.9733110666275024,0.1963700685608253,0.11889243125915527,17871.64892578125,69.90814018249512
4,-0.774110809424221,-0.8061490654945374,0.2020401027636285,0.17216993868350983,-0.9761509116169439,-0.978318989276886,0.19648676307013865,0.11876535415649414,17874.88427734375,69.94966435432434
5,-0.7796234114517856,-0.8093692064285278,0.1989193238985769,0.17031031847000122,-0.978542736062685,-0.979679524898529,0.19683645481473944,0.11921930313110352,17877.63427734375,70.07417297363281
6,-0.7853804027259036,-0.8157840967178345,0.19595166741230366,0.16719487309455872,-0.9813320704419919,-0.9829789996147156,0.19105707929375465,0.11263871192932129,17877.63427734375,68.01674628257751
