epoch,loss_avg,loss_value,reconstruction_loss_avg,reconstruction_loss_val,distillation_loss_avg,distillation_loss_val,batch_time_avg,batch_time_val,memory_used,epoch_time
0,-0.717857451799577,-0.7274813055992126,0.23760774977949606,0.2326938360929489,-0.9554652025002296,-0.9601751565933228,0.20224078060431425,0.2901914119720459,17806.20361328125,331.8786287307739
1,-0.7414552693031539,-0.7376222610473633,0.2214308702256247,0.22545626759529114,-0.9628861403491614,-0.9630785584449768,0.20246646057026624,0.0811154842376709,17869.94677734375,332.24900674819946
2,-0.7541868837410726,-0.7520930171012878,0.21339380698993152,0.21653765439987183,-0.9675806903403996,-0.9686306715011597,0.20250720196130578,0.08059120178222656,17871.64892578125,332.31599140167236
3,-0.7609424732113526,-0.7587565183639526,0.21117295067389544,0.21497364342212677,-0.9721154236408364,-0.9737301468849182,0.20289104599403507,0.08180427551269531,17871.64892578125,332.94588446617126
4,-0.7729133806866231,-0.7664540410041809,0.20314765546312694,0.21003957092761993,-0.9760610359189642,-0.9764935970306396,0.2031649636612078,0.08155131340026855,17874.88427734375,333.3953082561493
5,-0.7785913863591385,-0.7770143151283264,0.19986233421037217,0.20163708925247192,-0.9784537201743644,-0.9786514043807983,0.20312533881299602,0.08212709426879883,17877.63427734375,333.33048605918884
6,-0.7841031535805036,-0.7819877862930298,0.1971414057696206,0.2001577764749527,-0.9812445597642898,-0.9821455478668213,0.2005610659237245,0.08108901977539062,17877.63427734375,329.12242913246155
