epoch,loss_avg,loss_value,reconstruction_loss_avg,reconstruction_loss_val,distillation_loss_avg,distillation_loss_val,batch_time_avg,batch_time_val,memory_used,epoch_time
0,-0.6874369540399866,-0.6507537364959717,0.2731039306399818,0.30940622091293335,-0.9605408839592258,-0.960159957408905,0.18695226527005654,0.14435267448425293,17806.20361328125,633.9583094120026
1,-0.7171926878363101,-0.6915557384490967,0.25003488954319414,0.2759283483028412,-0.9672275773869203,-0.9674840569496155,0.18719316351487553,0.12147951126098633,17869.94677734375,634.775187253952
2,-0.7333600312396404,-0.7149454951286316,0.23852262777136932,0.258874773979187,-0.9718826594988295,-0.9738202691078186,0.18734231947165117,0.121826171875,17871.64892578125,635.2811343669891
3,-0.7420889797929766,-0.7177871465682983,0.23392041781015857,0.2589470148086548,-0.976009397374607,-0.9767341613769531,0.18752223444842758,0.1299455165863037,17871.64892578125,635.8911592960358
4,-0.7548111281354658,-0.7340284585952759,0.22473367615631795,0.2466205209493637,-0.9795448039342965,-0.9806489944458008,0.18724949624959575,0.12136983871459961,17874.88427734375,634.966432094574
5,-0.7617589989465144,-0.740382730960846,0.21992775442375545,0.24178002774715424,-0.9816867532281265,-0.9821627736091614,0.18738461989141503,0.12210440635681152,17877.63427734375,635.4255561828613
6,-0.7678838993838071,-0.7515146136283875,0.2159881973901701,0.23279400169849396,-0.9838720969029362,-0.9843086004257202,0.18683105413627568,0.1160893440246582,17877.63427734375,633.5479829311371
7,-0.7724752222609088,-0.7586784958839417,0.21298438810652087,0.22770608961582184,-0.9854596109666295,-0.9863845705986023,0.1871080482227547,0.12171125411987305,17877.63427734375,634.4870822429657
8,-0.7778142530694362,-0.7620059847831726,0.20898064985239428,0.22557391226291656,-0.9867949030332105,-0.987579882144928,0.18675259283881945,0.12264728546142578,17877.63427734375,633.2811670303345
